* CABLE Outer Diameter & Weight,,,,,,,,,,,,
" 1) 0.6/1kV FW-CV, F-CV, HFCO, CV",,,,,,,,,,,,
,1C,,,2C,,,3C,,,4C,,
공칭단면적,외경,단면적,중량,외경,단면적,중량,외경,단면적,중량,외경,단면적,중량
mm²,mm,mm²,kg/km,mm,mm²,kg/km,mm,mm²,kg/km,mm,mm²,kg/km
1.5,6.3,31.17,50,11,95.03,120,11.5,103.87,150,12.5,122.72,170
2.5,6.7,35.26,70,12,113.10,150,12.5,122.72,180,13.5,143.14,220
4,7.2,40.72,90,13,132.73,190,13.5,143.14,240,14.5,165.13,290
6,7.8,47.78,110,14,153.94,240,14.5,165.13,310,16,201.06,380
10,9.4,69.40,170,17,226.98,330,18,254.47,450,20,314.16,570
16,10,78.54,210,18.5,268.80,450,19.5,298.65,610,22,380.13,790
25,12,113.10,310,22,380.13,660,23,415.48,900,26,530.93,1180
35,13,132.73,400,24,452.39,880,25,490.87,1210,28,615.75,1550
50,14.5,165.13,520,27,572.56,1150,29,660.52,1560,32,804.25,2060
70,16,201.06,720,31,754.77,1610,33,855.30,2200,36,"1,017.88",2930
95,18.5,268.80,970,35,962.11,2170,37,"1,075.21",2970,42,"1,385.44",3970
120,20,314.16,1210,38,"1,134.11",2670,41,"1,320.25",3790,46,"1,661.90",4980
150,22,380.13,1490,43,"1,452.20",3310,46,"1,661.90",4670,51,"2,042.82",6130
185,24,452.39,1840,47,"1,734.94",4110,50,"1,963.50",5830,56,"2,463.01",7660
20,27,572.56,2400,53,"2,206.18",5340,57,"2,551.76",7580,63,"3,117.25",9960
300,30,706.86,2980,58,"2,642.08",6630,62,"3,019.07",9400,70,"3,848.45",12380
400,34,907.92,3800,,,,,,,,,
500,37,"1,075.21",4850,,,,,,,,,
630,42,"1,385.44",6240,,,,,,,,,
,,,,,,,,,,,,
" 2) 0.6/1kV F-FR-8, NFR-8",,,,,,,,,,,,
,1C,,,2C,,,3C,,,4C,,
공칭단면적,외경,단면적,중량,외경,단면적,중량,외경,단면적,중량,외경,단면적,중량
mm²,mm,mm²,kg/km,mm,mm²,kg/km,mm,mm²,kg/km,mm,mm²,kg/km
1.5,8.5,56.75,60,14,153.94,130,15,176.71,170,16,201.06,190
2.5,9,63.62,80,15,176.71,170,16,201.06,200,17,226.98,250
4,9.5,70.88,100,16,201.06,210,17,226.98,270,18.5,268.80,330
6,10,78.54,120,17.5,240.53,260,18.5,268.80,340,20,314.16,420
10,11,95.03,180,19.5,298.65,350,20.5,330.06,470,22.5,397.61,600
16,12,113.10,220,21,346.36,470,22,380.13,640,24.5,471.44,820
25,13.5,143.14,320,24.5,471.44,680,26,530.93,930,28.5,637.94,1220
35,15,176.71,430,26.5,551.55,910,28.5,637.94,1250,31.5,779.31,1600
50,16.5,213.82,540,30,706.86,1180,32,804.25,1600,35.5,989.80,2110
70,18.5,268.80,740,34.5,934.82,1640,37,"1,075.21",2240,41,"1,320.25",2990
95,20.5,330.06,990,38,"1,134.11",2210,41,"1,320.25",3020,45.5,"1,625.97",4040
120,22.5,397.61,1230,42,"1,385.44",2710,45.5,"1,625.97",3850,50.5,"2,002.96",5050
150,25,490.87,1530,46.5,"1,698.23",3390,50.5,"2,002.96",4790,56,"2,463.01",6280
185,27,572.56,1890,51,"2,042.82",4200,55.5,"2,419.22",5960,61.5,"2,970.57",7830
240,30,706.86,2450,57.5,"2,596.72",5440,62,"3,019.07",7730,69,"3,739.28",10160
300,33,855.30,3040,63,"3,117.25",6740,68,"3,631.68",9570,76,"4,536.46",12600
400,36.5,"1,046.35",3860,,,,,,,,,
500,41,"1,320.25",4920,,,,,,,,,
630,46,"1,661.90",6320,,,,,,,,,
,,,,,,,,,,,,
 3) 0.6/1kV F-GV,,,,,,,,,,,,
공칭단면적,외경,단면적,중량,,,,,,,,,
mm²,mm,mm²,kg/km,,,,,,,,,
1.5,6.5,33.18,60,,,,,,,,,
2.5,7,38.48,80,,,,,,,,,
4,8,50.27,110,,,,,,,,,
6,8.5,56.75,130,,,,,,,,,
10,9.5,70.88,180,,,,,,,,,
16,10,78.54,230,,,,,,,,,
25,12,113.10,340,,,,,,,,,
35,13,132.73,440,,,,,,,,,
50,14.5,165.13,570,,,,,,,,,
70,16,201.06,780,,,,,,,,,
95,18.5,268.80,1060,,,,,,,,,
120,20,314.16,1300,,,,,,,,,
150,22,380.13,1600,,,,,,,,,
185,25,490.87,1980,,,,,,,,,
240,28,615.75,2580,,,,,,,,,
300,30,706.86,3210,,,,,,,,,
400,34,907.92,4050,,,,,,,,,
500,38,"1,134.11",5150,,,,,,,,,
630,42,"1,385.44",6570,,,,,,,,,
,,,,,,,,,,,,
" 4) 450/750V HFIX+, HFIX",,,,,,,,,,,,
공칭단면적,외경,단면적,중량,,,,,,,,,
mm²,mm,mm²,kg/km,,,,,,,,,
1.5,3.3,8.55,20,,,,,,,,,
2.5,4,12.57,31,,,,,,,,,
4,4.6,16.62,44,,,,,,,,,
6,5.2,21.24,65,,,,,,,,,
10,6.6,34.21,108,,,,,,,,,
16,8,50.27,160,,,,,,,,,
25,10.1,80.12,255,,,,,,,,,
35,11.3,100.29,345,,,,,,,,,
50,13.2,136.85,470,,,,,,,,,
70,15.1,179.08,660,,,,,,,,,
95,17.6,243.28,900,,,,,,,,,
120,19.4,295.59,1120,,,,,,,,,
150,21.6,366.44,1400,,,,,,,,,
185,24.1,456.17,1740,,,,,,,,,
240,27.5,593.96,2270,,,,,,,,,
300,30.6,735.42,2840,,,,,,,,,
400,34.3,924.01,3640,,,,,,,,,
,,,,,,,,,,,,
 5) 0.6/1kV F-GV 선정,,,,,,,,,,,,
CABLE,PE,외경,중량,단면적,,,,,,,,
mm²,mm²,mm,kg/km,mm²,,,,,,,,
1.5,1.5,6.5,60,33.18,,,,,,,,
2.5,2.5,7.0,80,38.48,,,,,,,,
4,4,8.0,110,50.27,,,,,,,,
6,6,8.5,130,56.75,,,,,,,,
10,10,9.5,180,70.88,,,,,,,,
16,16,10,230,78.54,,,,,,,,
25,16,10,230,78.54,,,,,,,,
35,16,10,230,78.54,,,,,,,,
50,25,12.0,340,113.10,,,,,,,,
70,35,13.0,440,132.73,,,,,,,,
95,50,14.5,570,165.13,,,,,,,,
120,70,16.0,780,201.06,,,,,,,,
150,95,18.5,1060,268.80,,,,,,,,
185,95,18.5,1060,268.80,,,,,,,,
240,120,20,1300,314.16,,,,,,,,
300,150,22,1600,380.13,,,,,,,,
120,120,20,1300,314.16,,,,,,,,
150,150,22,1600,380.13,,,,,,,,
185,185,25,1980,490.87,,,,,,,,
240,240,28,2580,615.75,,,,,,,,
300,300,30,3210,706.86,,,,,,,,
,,,,,,,,,,,,
* Combinded Duct Outer Diameter,,,,,,,,,,,,
 1) CD 합성수지 가요전선관,,,,,,,,,,,,
CD,외경,내경,단면적,점유율 32%,점유율 40%,점유율 48%,CD,,,,,
호칭,mm,mm,mm²,mm²,mm²,mm²,호칭,,,,,
16,21.0,16.0,201.1,64.3,80.4,96.5,16,,,,,
22,27.5,22.0,380.1,121.6,152.1,182.5,22,,,,,
28,34.0,28.0,615.8,197.0,246.3,295.6,28,,,,,
36,42.0,36.0,1017.9,325.7,407.2,488.6,36,,,,,
42,48.0,42.0,1385.4,443.3,554.2,665.0,42,,,,,
,,,,,,,,,,,,
 2) HI 경질 폴리염화비닐(PVC),,,,,,,,,,,,
HI,외경,내경,단면적,점유율 32%,점유율 40%,점유율 48%,HI,,,,,
호칭,mm,mm,mm²,mm²,mm²,mm²,호칭,,,,,
16,22.0,18.0,254.5,81.4,101.8,122.1,16,,,,,
22,26.0,22.0,380.1,121.6,152.1,182.5,22,,,,,
28,34.0,28.0,615.8,197.0,246.3,295.6,28,,,,,
36,42.0,35.0,962.1,307.9,384.8,461.8,36,,,,,
42,48.0,40.0,1256.6,402.1,502.7,603.2,42,,,,,
54,60.0,51.0,2042.8,653.7,817.1,980.6,54,,,,,
70,76.0,67.0,3525.7,1128.2,1410.3,1692.3,70,,,,,
82,89.0,77.0,4656.6,1490.1,1862.7,2235.2,82,,,,,
100,114.0,83.0,5410.6,1731.4,2164.2,2597.1,100,,,,,
,,,,,,,,,,,,
 3) ST 스틸 전선관(아연도금),,,,,,,,,,,,
ST,외경,내경,단면적,점유율 32%,점유율 40%,점유율 48%,ST,,,,,
호칭,mm,mm,mm²,mm²,mm²,mm²,호칭,,,,,
16,21.0,16.4,211.2,67.6,84.5,101.4,16,,,,,
22,26.5,21.9,376.7,120.5,150.7,180.8,22,,,,,
28,33.3,28.3,629.0,201.3,251.6,301.9,28,,,,,
36,41.9,36.9,1069.4,342.2,427.8,513.3,36,,,,,
42,47.8,42.8,1438.7,460.4,575.5,690.6,42,,,,,
54,59.6,54,2290.2,732.9,916.1,1099.3,54,,,,,
70,75.2,69.6,3804.6,1217.5,1521.8,1826.2,70,,,,,
82,87.9,82.3,5319.7,1702.3,2127.9,2553.5,82,,,,,
104,113.4,106.4,8891.5,2845.3,3556.6,4267.9,104,,,,,
,,,,,,,,,,,,
 4) ELP 파상형 경질 폴리에틸렌 지중 전선관,,,,,,,,,,,,
ELP,외경,내경,단면적,점유율 32%,점유율 40%,점유율 48%,ELP,,,,,
호칭Φ,mm,mm,mm²,mm²,mm²,mm²,호칭Φ,,,,,
30,40.0,30,706.9,226.2,282.7,339.3,30,,,,,
40,53.0,40,1256.6,402.1,502.7,603.2,40,,,,,
50,64.0,50,1963.5,628.3,785.4,942.5,50,,,,,
65,84.0,65,3318.3,1061.9,1327.3,1592.8,65,,,,,
80,105.0,80,5026.5,1608.5,2010.6,2412.7,80,,,,,
100,130.0,100,7854.0,2513.3,3141.6,3769.9,100,,,,,
125,160.0,125,12271.8,3927.0,4908.7,5890.5,125,,,,,
150,188.0,150,17671.5,5654.9,7068.6,8482.3,150,,,,,
168,230.0,175,24052.8,7696.9,9621.1,11545.4,175,,,,,
200,260.0,200,31415.9,10053.1,12566.4,15079.6,200,,,,,
